,A,B,C,D
2000-01-01,-0.5479151810928263,0.7585035671650282,-0.7915527339166057,-0.014276215096031601
2000-01-02,-1.4786520159926413,-1.8248625282371542,0.0014156168611411113,-1.0678637707676857
2000-01-03,-3.070726803294386,-1.6559670104838138,-0.5514114277617373,-2.188238071682052
2000-01-04,-3.317105151330431,-1.8107775637061068,0.35399957681797334,-1.9957602625575013
2000-01-05,-2.8223080422684053,-2.7570770510658162,1.2100570973141975,-1.250591800103325
2000-01-06,-2.2238654140791843,-3.2569312430910142,3.658672125514629,-1.2325098503514262
2000-01-07,-0.5594111460103863,-2.842820321805858,4.860993002850001,-0.41885310344935245
2000-01-08,-0.5248123941035769,-2.748761819012095,6.280814318672206,0.17061580567436863
2000-01-09,0.20452797637738251,-0.8650219289606849,5.5604564931096245,0.8758712574726347
2000-01-10,0.6888948427676997,-1.704024084076032,5.226061715267047,0.44448340249010054
2000-01-11,1.2721382276801598,-2.478376889434483,2.7635236568855355,-1.2297973063009824
2000-01-12,1.2556573280476269,-2.9940727284671547,2.8696882264270824,0.7455039549957143
2000-01-13,-0.001803096363478307,-2.2958225295690524,2.7380872706189385,2.6403070811495812
2000-01-14,0.14420855917496228,-0.9268104788688967,4.087307513149795,0.16413797136337038
2000-01-15,1.3048112345082097,0.625529819245046,3.542700248753867,-1.499446048805507
2000-01-16,0.6820255215869164,0.552441168813194,3.2013890987505933,-0.1556737759579232
2000-01-17,-1.0653206021467818,-0.3390922219549005,3.792633720572308,-1.7549456837096764
2000-01-18,-1.268417991846499,-3.5127728937899807,3.656896352448523,-0.13212374936468096
2000-01-19,-1.9363895722461735,-1.0691882087955191,2.5548874547692533,0.4139300024774504
2000-01-20,-1.1386783549322619,-2.9938698722214783,3.0941980471639163,-0.9565739071330779
2000-01-21,-0.0967209592721705,-4.141107976672696,3.341247787033567,-0.4368863889001323
2000-01-22,-0.6787631029612109,-5.012663362996001,0.8235755214448042,1.303376542224544
2000-01-23,-2.498525351314982,-6.075937935347145,0.3029075372147785,-0.29420367882053644
2000-01-24,-0.9377849549144852,-6.768486878935357,-0.07852080930445127,-0.16579929271120988
2000-01-25,-0.2523381344594503,-6.882859842870638,0.5456844362733024,-1.10864064302118
2000-01-26,-0.7726525436485714,-7.080129393914403,0.7646473830398788,-3.0414499870053096
2000-01-27,-0.34883114214948274,-6.035375352760035,0.5076734756100604,-2.5228356312436824
2000-01-28,1.7517208606760517,-5.756738453776143,-0.469013586616583,-2.825118245978936
2000-01-29,0.7999382193098763,-4.5591723741285275,-0.08676292365066768,-3.2431010367343807
2000-01-30,1.1496498779660085,-4.433330666070112,1.4766887503403954,-2.4799560486189054
2000-01-31,2.015157420590959,-3.914373037341744,1.8003438320421326,-1.7593074887356686
2000-02-01,2.1446861376492614,-2.493985075771966,1.0528526799065323,-3.370994454742795
2000-02-02,3.5825237909751344,-1.6883529623660896,0.9555215105407281,-4.506622803727957
2000-02-03,3.77858456048812,-1.8695906178146002,1.7328568266584483,-6.366590493475355
2000-02-04,4.911224138464443,-2.792802742526688,2.959023100485572,-6.41543910887446
2000-02-05,4.919579700872011,-3.6134645422606426,4.106508110010683,-5.132982804055395
2000-02-06,4.9912248366103045,-3.0800670418111364,3.360152490466963,-4.257640834946202
2000-02-07,5.84301351347017,-2.274814937876478,3.874482014073722,-3.483566859684065
2000-02-08,6.282913269927594,-3.3212621807173726,5.406769627108887,-2.487107562447327
2000-02-09,5.606514188552685,-4.2972780304888625,5.24867711705864,-3.441072678568298
2000-02-10,4.23969940114971,-3.5294198042534726,6.61626959355184,-4.033283847046932
2000-02-11,3.810936270661771,-6.209501923923973,7.2146097641512235,-4.675556604570748
2000-02-12,3.7548349229976044,-5.387459097519608,5.591537353506659,-5.266877990099926
2000-02-13,4.398418877233283,-4.092690594333276,5.83673928417155,-5.732427205869718
2000-02-14,4.208439302300944,-3.939930465301921,5.745024490941508,-5.745265088590907
2000-02-15,4.618456266628262,-4.336032528111899,5.120647699675505,-5.724330331210495
2000-02-16,4.608565987901993,-3.6825790947879606,5.421018461543752,-6.28194901295681
2000-02-17,4.0298056115015966,-3.2786845885897034,5.444264565675136,-5.98588569819204
2000-02-18,4.023146898326493,-2.6424844119702193,5.095117815888905,-6.931500085605662
2000-02-19,3.9539230087607127,-1.4416559080827118,4.42066814722992,-7.522024117383445
2000-02-20,2.68300908162072,-1.722367774434868,5.274642325817944,-7.9776930383243965
2000-02-21,2.7025426914699673,-1.101631128955392,2.4076127311250524,-6.925695073478119
2000-02-22,3.2464434572643515,-2.0175473264229407,2.3755364896158904,-7.372567213164693
2000-02-23,3.110297259102999,-1.9732585163924015,4.431850856650208,-5.988990396157977
2000-02-24,4.020013389337046,-1.6065159460310385,5.451286456877222,-5.436563849532217
2000-02-25,4.270457043581444,-1.6633765024641105,4.929513873714631,-5.514751638493159
2000-02-26,4.430837140670408,-1.7978288826924314,5.877764475202645,-5.122168618439229
2000-02-27,4.78399574274304,-1.7328331187008823,5.996985896543003,-5.424989104361209
2000-02-28,4.462661708406604,0.5779633496782859,5.866711058719864,-3.9522009007685215
2000-02-29,3.2167893854841436,1.98206387719617,5.1947265324765475,-5.190891993965762
2000-03-01,3.8854317027604903,3.2905483296668487,4.428339265231501,-6.609873681067576
2000-03-02,2.5132138486763402,4.112288030655646,3.9144438847080254,-7.202577217818801
2000-03-03,2.045303065575,5.674057936091805,4.962552232824457,-6.936759601562905
2000-03-04,3.1055435636790527,5.303293078839912,5.7178887593991865,-7.533933249489456
2000-03-05,2.9303282471827683,6.020237430192089,4.7170060058564465,-5.841456207964156
2000-03-06,3.2086284435204715,6.008074371542074,2.414537360628778,-6.126722057688056
2000-03-07,3.0640018944765965,4.500526647692864,1.4866874341678717,-6.720315297150439
2000-03-08,4.417327323439372,4.222542885466145,2.94607008178067,-6.571754118376534
2000-03-09,5.339925791571573,5.542359474522746,2.801976910296672,-6.972999576994983
2000-03-10,5.958880014408018,5.498780704401638,4.102043030387295,-7.806555675529262
2000-03-11,4.867572710104769,5.888326919858121,4.342796901735356,-6.933968040292356
2000-03-12,4.273108057007724,6.30220610547509,5.123091170488652,-7.599270157425516
2000-03-13,1.5963877530091803,6.62298926203196,4.6227407012779365,-6.817792328268104
2000-03-14,1.3459588767646857,6.693547808325552,3.4414036090578035,-5.116991125084802
2000-03-15,3.146293195248088,5.52075842301444,3.517817745095587,-3.1338073719676114
2000-03-16,3.1491047500576297,6.446197157923078,4.741201214916111,-3.194735310926937
2000-03-17,3.8125754837708317,6.544710835692392,4.2959594626002895,-3.265448019946603
2000-03-18,5.742513263079161,8.649881493581065,3.8983610137449243,-2.425349342122163
2000-03-19,5.296151210240883,8.596990021030965,4.331231815447542,-1.9003542184733924
2000-03-20,5.361463662485451,6.995616304326393,4.888053052849155,-3.4877052708034784
2000-03-21,5.157036208792603,7.888277531994388,5.80034661772927,-2.10355817216402
2000-03-22,3.9808744143221757,8.734096917732264,7.197354676585626,-3.3067652919937327
2000-03-23,3.530293921633306,7.3197060561034935,6.843090124091032,-3.584511221994211
2000-03-24,3.810823772959755,6.01251968558164,8.116529458454334,-5.731550644808493
2000-03-25,3.7371222414550203,6.735012490417306,8.806076679928053,-4.51320029433043
2000-03-26,5.464777297358747,7.627008098847979,9.258728238496584,-3.747198978286944
2000-03-27,5.16750601577976,6.125818555808724,9.272041474609296,-1.9402802639339674
2000-03-28,5.151204875826996,5.570595563885197,8.752317118669714,-2.9201357939799992
2000-03-29,5.247080902780622,5.572041050863495,8.038896493448219,-3.2864034928941166
2000-03-30,4.361738319403585,4.6363574311481495,7.866261940381432,-3.794696285213521
2000-03-31,5.6454872022309806,6.221476965590354,8.802836763888475,-2.9832443534070605
2000-04-01,5.625531556234311,8.017764791445074,9.944153926810843,-2.6514204353563953
2000-04-02,6.331722352177701,7.496392532884768,11.043773381353493,-1.4973999120653196
2000-04-03,7.892119183701923,7.382798379732132,10.732047860613083,-0.4910283567582858
2000-04-04,7.2619596129663355,7.692306742870892,10.720233538589643,-0.45035480175257
2000-04-05,8.114276186599021,7.657963988876193,11.871149624799544,-2.187334410368915
2000-04-06,9.131771316558963,8.333309823816181,11.11306588946877,-3.7879886335948134
2000-04-07,8.2884995380164,8.5456091569644,11.912837443397175,-2.7910588531463
2000-04-08,8.616652794180293,8.178857628533331,12.252474935297595,-2.9866330533034837
2000-04-09,9.16290052428061,9.092252846521326,13.132969041259996,-2.6060841618206605
2000-04-10,9.248868345290468,8.733541863700921,13.95647827756978,0.9029024304121447
2000-04-11,8.410094560704168,8.975362429019112,13.279423521037781,1.8857638556987473
2000-04-12,8.718676510471601,9.040313793787956,14.613591193095626,0.5942612358116333
2000-04-13,6.762694168114433,10.127060931833348,15.742276475860102,1.2625066168942203
2000-04-14,5.759763325809027,9.822077968256034,15.996908424180553,0.18594531116921975
2000-04-15,6.706595323488484,10.219598786877887,16.638478085589217,0.541211092715733
2000-04-16,5.712025484436679,10.483109077180357,17.93537728258346,0.41865859742688827
2000-04-17,5.995856531038643,10.875476386167511,19.040645908911113,1.4986190784973226
2000-04-18,7.3803503117950955,10.790168674337382,18.885045579736694,1.7110746348758903
2000-04-19,8.564428671337197,10.62712874420876,18.040924371190147,2.657062778215155
2000-04-20,8.703841540741315,9.383982000710741,16.3009892953631,2.4486672254020654
2000-04-21,10.351170020689565,7.680309439105316,18.432954649430865,1.7683901181446153
2000-04-22,10.718581220110226,7.046721808822742,18.816924519346347,1.2577187075459921
2000-04-23,12.849079460253824,7.016956859499061,18.373212106492105,2.1444000387829965
2000-04-24,13.624620215471795,8.8469830252395,19.00714374375892,2.084238396552183
2000-04-25,14.214705390696208,9.329588155475216,19.530564019361695,1.8730726977840624
2000-04-26,11.746165517499229,8.176736325378227,19.625605394772514,2.9382780675858955
2000-04-27,12.01364788481901,8.918385911234497,19.933849539942027,1.2218532778391686
2000-04-28,9.727036015052295,8.322585438809071,19.965998301571165,2.3907384321479714
2000-04-29,9.031119711357228,7.993438239454833,20.355646435660194,2.100872104933938
2000-04-30,9.039117303709464,6.243952828054143,20.88666338957767,3.0056797536014574
2000-05-01,9.850542129538681,7.643519197165121,21.23806689850051,3.0173866009049224
2000-05-02,10.769375576740293,7.7305628718936985,22.428660713752237,1.9130097980383411
2000-05-03,12.172912070165825,8.108562335633113,22.00618596543359,2.3730524336698924
2000-05-04,13.210968740475845,7.120078196016681,22.03819335197078,0.5831183484574134
2000-05-05,14.173708572467032,8.07759001106508,21.708481034849257,0.9287982037019358
2000-05-06,13.528422043996242,8.00484465700068,20.821159198753072,1.505679663286333
2000-05-07,14.71683612710396,6.819391567459963,22.46077204561903,0.7279244611435826
2000-05-08,15.064600557086408,7.7890589133566985,24.657723196401857,0.8431295164112514
2000-05-09,15.975467765871658,8.428284974874,25.447035796315706,0.14777984348138962
2000-05-10,13.973676371951184,9.40023159709841,25.249738304543,0.13869605980803432
2000-05-11,12.994261902677692,11.757186561411862,25.581848220497008,0.7861775196035735
2000-05-12,12.680791994538552,11.052609192285571,24.729766800127592,1.5281643761706873
2000-05-13,11.496778211603814,12.011417191039786,23.231318352178466,0.6068347299069217
2000-05-14,11.286389414020897,13.77994174395219,23.246312063306917,-0.25735393978760246
2000-05-15,10.606467117191698,13.195480819902631,22.262931438236347,1.0489031708663532
2000-05-16,10.914098844892036,12.136175019095894,22.02079974059002,1.8975606389374142
2000-05-17,11.377139061776353,12.373669162959452,24.60566277546434,1.4149329054074034
2000-05-18,12.08264096478579,12.721652544424494,24.17724909390381,1.627612638073566
2000-05-19,11.93107165086129,12.642703779146162,24.050576049112134,0.6573843459986358
2000-05-20,9.390346525867637,11.556196818704816,23.24607357768769,0.07028682216897153
2000-05-21,8.974734387068608,13.747320081868855,21.127975643758838,-0.3418124791690146
2000-05-22,9.641950486673394,15.961947716999626,19.626483076634003,0.03901106099899887
2000-05-23,9.286503453250107,16.023056169414154,19.593884390067995,0.5134908068434137
2000-05-24,9.27707385295611,16.473647129390894,19.698587965051356,0.9795336272395481
2000-05-25,9.412317353755386,17.215459530327514,21.41800034380297,1.1276154550160697
2000-05-26,8.05683655591479,15.081028971403384,21.644838530426842,1.0197773705619808
2000-05-27,7.530415849186657,16.31476509001918,23.37435641691825,2.4996660413210394
2000-05-28,7.273579674945432,16.540202057768777,23.078010836390554,2.3641254277694754
2000-05-29,7.569432004448269,16.155542323317878,22.503744077643287,0.3180457103642027
2000-05-30,7.891127907806678,15.28354932808477,21.7533599714689,-0.17049563935188233
2000-05-31,8.811296825399914,15.889274146395426,22.085187206771945,0.30653243909714617
2000-06-01,10.103506464584862,15.325322618470585,21.919676197892958,1.3962601807865256
2000-06-02,9.883455926915287,15.68223990680751,23.55051142784166,3.096874061491484
2000-06-03,9.620210682084195,15.403670378611023,23.90096819125178,1.5169271006214604
2000-06-04,8.801530122544081,16.645087323789323,24.1987589966488,1.547312767864966
2000-06-05,9.392526720012809,18.077558063499293,24.4356923368315,0.7233747377536697
2000-06-06,10.004604031513445,18.627746658272926,25.17458151059728,0.46069170905895596
2000-06-07,7.831780853218504,18.8812285869467,25.034859291714234,0.8265345643482445
2000-06-08,8.407159727379833,19.148622445170403,24.964092882274457,-0.6090231331994169
2000-06-09,8.832025623328205,19.2999845857807,25.457526718459004,-2.099332127313692
2000-06-10,7.809902666843925,21.603606220867576,25.738825748455625,-1.8768475506059459
2000-06-11,8.641115785987296,22.669017216056957,24.65650640352117,-2.1348451611808015
2000-06-12,8.224962545881224,23.742197955449956,25.592069019397766,-1.9168465185880759
2000-06-13,7.127999771398554,21.593235643420993,25.780156154047,-0.9816098356148008
2000-06-14,6.948601428369489,23.61713228925721,25.232101314920396,-0.9665356368981436
2000-06-15,7.179798797563664,24.112484947981873,25.960950350276715,-0.7098338579882738
2000-06-16,7.830854136363416,24.268147951876166,26.693042133639967,0.8543621754769323
2000-06-17,7.16942557820811,24.283511069714866,27.84563070777805,-0.04385806986290541
2000-06-18,5.833189070627421,24.54761694202242,25.490612633145354,1.3714890818858605
2000-06-19,5.221038181116551,25.96716446665566,26.023140650222174,2.4423950508779635
2000-06-20,2.399678760444473,25.561175367362324,25.36834559988582,3.745926784015115
2000-06-21,2.789530651743388,26.690624542090163,22.73665300115234,4.1049855060824765
2000-06-22,2.7894067574409966,27.497562498634245,23.032477897815987,3.8377930335737447
2000-06-23,2.3526852037623716,28.186427250670825,22.437502109065175,3.593745668443482
2000-06-24,2.3311992293589663,27.96727171123694,21.102074212310793,3.0110904939362753
2000-06-25,1.7086289746141758,28.236294049683842,21.811370719867746,2.8430238262086394
2000-06-26,2.073369161586631,27.840676881716735,20.31268290458233,3.141576768902143
2000-06-27,2.370706594681833,27.820349288608504,21.141336110056045,2.1350927559919928
2000-06-28,2.869761695875994,28.37612119823523,21.311436952949666,2.66601966673135
2000-06-29,2.5552348884986773,27.35605884659218,21.565830200635574,2.2468375983112665
2000-06-30,3.523177381492901,27.36728022882054,23.205409219782727,1.1708787655507367
2000-07-01,2.801525178565796,28.281353392274006,24.64712491179292,1.085958161905498
2000-07-02,4.400879271324683,28.10303831892765,24.03633119633691,1.0309654111091573
2000-07-03,2.7659920381840344,27.43600166970747,24.065686814324874,0.287548618192656
2000-07-04,1.8322097623720381,27.952738568786508,25.624814521355045,0.14752476220055608
2000-07-05,2.295497801428439,28.582961498330867,24.699466516005156,1.0557103234760539
2000-07-06,1.6658803010032985,28.38546005960531,24.45383769550146,0.40560520177752235
2000-07-07,2.998144552635987,27.73026101688902,24.725112109510942,1.9846369415988088
2000-07-08,3.9632909165821646,27.642001317634058,24.381952672072806,0.5574601267247323
2000-07-09,4.134759050274844,27.595850856462686,25.085812457963176,0.41363059153047543
2000-07-10,4.446264352583322,27.788856617056663,23.264845387128837,0.6527139796082968
2000-07-11,4.820931512811497,28.35273113915803,21.30204523475498,1.7294713879695405
2000-07-12,2.892334555992507,28.881401591612182,23.205129829440523,1.3758157814900343
2000-07-13,2.672926021541038,29.86677107566537,23.97507411406382,-0.024994231475178097
2000-07-14,2.006061608120694,29.308120575992195,25.129666860349683,-1.0183533759195336
2000-07-15,1.0202480875764233,29.58644936518391,26.039903887467762,-0.17004577941968035
2000-07-16,0.21936764440011225,29.114852710950785,25.600804003071577,-0.6372749077866224
2000-07-17,-0.5061559018576326,29.927706242443612,25.498021837922945,-1.9146316192701727
2000-07-18,-0.5341380107818693,29.790541490131183,26.981886804637007,-0.8201056183818443
2000-07-19,-1.9595906256869196,30.741077778854372,25.93175805028763,-1.3937115337985775
2000-07-20,-1.8769480540289099,30.758014503331754,25.339767156374393,-1.4181836402175902
2000-07-21,-1.5850925217351888,31.006052787798648,24.89853495789603,-2.285711287708623
2000-07-22,0.21320755494892674,30.766810174475083,23.21068705373322,-1.9572175758465562
2000-07-23,0.3267060558026272,31.011763231512628,22.42621939778488,-0.683080664960575
2000-07-24,-0.34000255124895645,30.440068221736396,21.63218656224683,-0.5436139018664645
2000-07-25,0.7597286125744731,30.39827098971702,21.659300177291428,-0.15303628987808415
2000-07-26,1.3388022518909684,30.14505600376375,20.875104995105183,0.018975896605463227
2000-07-27,0.01978435473113782,29.009398622000198,23.03131837691802,1.7215691583229125
2000-07-28,-1.0486067742067922,27.07174048228657,22.533245563043298,1.4190536336297508
2000-07-29,-1.0427260317352698,27.386781848195955,22.50559454156711,1.5538770517935412
2000-07-30,0.10631761686902186,27.510440170723253,22.315168815038533,0.7202305375241836
2000-07-31,-1.5306659737326738,29.607732426372316,21.815629130365274,0.05223654951929202
2000-08-01,-1.343576317730149,29.931649400946775,22.013732572064278,1.6064329764030632
2000-08-02,-0.7256977633699521,30.04036202294028,21.951833186402173,2.1113898145155154
2000-08-03,1.627270211206819,29.814276366238477,22.2874929203075,1.7376360128722492
2000-08-04,3.0980324860381483,29.45822124884931,21.03847884188657,1.2089247958935645
2000-08-05,3.5492510951147507,28.856347125726487,23.026772675531667,2.1325061395509186
2000-08-06,2.7644626282313802,30.194916919808474,23.184191989869777,1.3443634525320158
2000-08-07,3.102231761320587,29.841701304794487,23.445798224686826,1.9349335252181317
2000-08-08,1.3226122240034146,29.335951840028695,23.54843984272162,1.2830058581289192
2000-08-09,1.1686398452072704,28.930482700033476,23.114609999366895,0.9121967448522725
2000-08-10,1.825851418989115,30.229435749730175,24.930880757393115,1.876758563379624
2000-08-11,2.2930566298212827,29.97822072662784,25.37464106458355,0.23838215520962414
2000-08-12,2.486691913126857,30.002318251722198,24.372893205857462,-2.0640175846613236
2000-08-13,3.5529452766109335,30.827285222933185,26.25583490661103,-1.9328541245208488
2000-08-14,3.839550380871044,30.10895056746847,24.736816590278195,0.101799209921835
2000-08-15,2.020742153216613,29.270300586202303,25.70331219314334,-0.4300593565570169
2000-08-16,0.43027672100375614,29.754357860946975,25.6651853430416,1.2571523859980007
2000-08-17,-0.45661011823856956,30.652404822996107,25.329336965882252,2.8049792270210614
2000-08-18,0.5232576759084343,30.209893008968276,27.621246571795613,2.3882946677016688
2000-08-19,-0.605878366953413,30.035476792850563,26.60523915369789,0.8511317070779694
2000-08-20,-1.5040868804914953,31.044012283098013,24.274127123299444,1.8413474269388612
2000-08-21,-2.309078735506744,28.555349924960822,24.798705933264834,3.035632347848898
2000-08-22,-2.9889780740289456,28.724707730785468,24.253193501941645,5.911239026158834
2000-08-23,-1.1416749021392618,29.536247255308258,24.965909148231706,6.185883510447938
2000-08-24,-0.6507409432605924,30.590522448965608,25.686707028235556,6.543494567980154
2000-08-25,-0.7305966518473951,29.31540694388016,24.609675301812988,7.567526534233766
2000-08-26,0.636054452477329,28.628345269172325,24.677882745072004,7.597610760319354
2000-08-27,0.3878817612275197,27.923175008839323,23.973389394469127,6.1042023186361325
2000-08-28,1.8153413726606127,28.137890814433185,22.312449666548883,6.237468043941574
2000-08-29,2.443936033663786,27.580256962916817,21.790543229605216,6.305675056817472
2000-08-30,2.1093446672116354,28.050787270042516,19.66459384218875,7.060788553322078
2000-08-31,0.01706525200896758,28.68093060502336,18.212371306928425,7.351832783130473
2000-09-01,-1.5107167381453157,30.21832031734569,18.391907906302396,7.847340046506086
2000-09-02,-2.3641966628128857,31.831680421780995,18.535490793230323,7.002701393905596
2000-09-03,-2.7215747652719964,31.478040034502587,16.51106674490523,7.282699742649361
2000-09-04,-2.2644419414262456,30.177247940057942,16.088741929794107,4.853377479015617
2000-09-05,-2.427146545939115,31.036039797500873,14.326194217666165,4.565185770745056
2000-09-06,-3.638230361883371,31.452011707483745,13.94801679886225,3.757978140681942
2000-09-07,-4.36615344514553,32.56028932496935,13.826210156495454,3.7343926025984415
2000-09-08,-2.4750558418623676,32.40297577432034,12.722901830442948,5.0315071324849185
2000-09-09,-2.3446281092705434,33.01521788059914,12.415689496321479,4.45389287656483
2000-09-10,-2.207495747507607,33.805082739751256,12.407200513943673,6.940973084753254
2000-09-11,-2.5377333094040306,33.689902716527264,13.916305937582313,5.654035629397407
2000-09-12,-3.7566090818046414,33.437133009510006,13.618161354603462,6.023946176921353
2000-09-13,-4.243875068878356,33.08827299269769,11.383153035897127,5.273621597675394
2000-09-14,-3.195819771362531,32.4297158896498,10.600465244250358,5.1868570234902975
2000-09-15,-2.6071887586682165,30.26295166083127,10.964965912069554,6.451070658028057
2000-09-16,-2.663723188288643,30.924739315555023,10.353149785813528,5.407035075804448
2000-09-17,-0.9481423570728393,29.733297963367782,10.109849434777361,4.296319760862568
2000-09-18,0.6650310167318914,30.112314901768617,12.167214326290145,3.959374398072914
2000-09-19,0.9554397293851269,29.705389477938674,11.638490977102508,2.3350169965920595
2000-09-20,1.3940909170719036,30.310607521854827,13.204743984775758,2.1087443888865125
2000-09-21,-0.11523770340613426,30.774431561589264,13.786630700345995,4.950186779145337
2000-09-22,0.005607281270906789,30.288643732573043,13.140966320501786,3.543031059553729
2000-09-23,-0.2898761383644297,29.904879854691576,11.948811633248555,2.793670186332765
2000-09-24,0.2098319992100054,29.38018992482331,11.524764626327707,1.9402845156175716
2000-09-25,0.2212391650193721,29.242747460476323,13.005042834412045,1.217047702147644
2000-09-26,0.6517848345560792,29.82571726764486,12.883534189999706,2.0142263505820406
2000-09-27,1.0146619459616577,28.603514915893438,13.542998896359311,0.5115239956201252
2000-09-28,0.04716450232743519,28.95221169463816,12.864015149586177,1.0473714414087074
2000-09-29,0.281544099965402,28.117088040946125,11.93204198444298,-0.62792469598587
2000-09-30,0.03918537387600096,30.085594993213565,13.156151815200667,-0.9300149303281362
2000-10-01,0.32314242208090854,30.124642672280142,13.732717299831663,-2.5367740074623315
2000-10-02,0.41372760036661593,29.380998540058105,14.610526197003978,-1.0421888651178415
2000-10-03,-0.23037470940107507,29.867983970362243,13.61294768022897,-0.5539925296873014
2000-10-04,1.40614626891553,27.99020428880305,13.911671054016837,-1.7780163149811075
2000-10-05,1.4604050361584158,28.13452714053033,13.657072823604993,-1.3101227860184093
2000-10-06,1.9423693908370048,27.930350695690237,14.878773440047201,-1.7887428421086753
2000-10-07,2.477733020139749,28.072784972499928,16.71301239120095,-1.3961347958234347
2000-10-08,4.053863705312072,30.06932368399505,16.540611474468,-0.30125121641111763
2000-10-09,5.7091376206270095,32.39387457370714,16.12034471220906,1.046938802628549
2000-10-10,5.233666617986685,33.937793271906926,18.236535100490574,1.6333738738602788
2000-10-11,4.442991988906787,33.79366802443033,19.4951946076699,0.9006012122077734
2000-10-12,6.916316253477124,33.13251343968089,20.577883326434808,2.472773425173729
2000-10-13,8.302273277847124,34.57608076950681,21.428197590393072,2.114817381270857
2000-10-14,9.622279052978287,35.24489788193609,20.941516416207616,0.9567965878554645
2000-10-15,10.37518654352972,36.324152211375214,21.48853000554736,1.7430477301167677
2000-10-16,9.505521012214846,35.58572572732208,20.94170176062655,3.5102632195364207
2000-10-17,8.637696847404687,35.46263775707059,19.237829852569536,3.0959723668068704
2000-10-18,9.631320370410078,35.12271792844478,20.766051010238456,3.8155397520424312
2000-10-19,10.762039910082265,34.88911090042456,20.807759766623516,3.499487718027089
2000-10-20,10.28735093234845,35.56747487677994,20.15604441718233,3.2470082204676958
2000-10-21,8.328558974370203,34.902597623022785,19.529846667946188,1.7825007960433024
2000-10-22,9.422037874046259,34.13024501698661,19.644145583333824,0.8508667694452217
2000-10-23,8.35916246184058,35.03814048437553,18.91134295176759,-0.39919890322325946
2000-10-24,7.85695213385609,34.656124334941325,18.19311665806326,-0.21204742166169777
2000-10-25,6.9016648029051835,32.61811342949467,18.7212564502174,-0.2266455733618595
2000-10-26,6.4229100220600435,33.56846976628876,18.488436888337485,-1.7509184234865736
2000-10-27,6.598909106707833,33.70512753177329,18.590111316377556,-1.6071948905262454
2000-10-28,5.04836756828696,34.9186305746746,17.800318707634332,-3.2740081387995605
2000-10-29,5.635269717140604,34.29746015225312,18.85626820124721,-1.1371878998933718
2000-10-30,7.131205662676704,33.48974417664093,18.01982503365355,-3.0823391531288724
2000-10-31,5.903048093024534,33.72465230570068,17.070955479736437,-3.643464247833706
2000-11-01,6.952020594670534,32.624522328129046,17.1453707076917,-0.8087911801318408
2000-11-02,6.8322542694170005,32.73953741649748,16.976774546660288,-0.7386045548816833
2000-11-03,6.414867059386957,33.13881634949875,16.315036725716606,-1.670319502391392
2000-11-04,9.648522424807556,33.20883923815546,15.710458181219849,-0.20029969850728468
2000-11-05,8.100666994778846,34.107377325574134,16.786709817023098,-0.5671780615937969
2000-11-06,7.466284263484471,33.934406828382194,17.509046046983975,0.5419384614275347
2000-11-07,6.872295757698674,34.03370383602555,17.899916677232675,-0.5975973165513215
2000-11-08,6.190853284790896,33.44773694298671,18.004914015228742,-0.9104722816523558
2000-11-09,6.559697261375895,32.5094809993407,17.632642625310048,-1.37387125836737
2000-11-10,5.768562623867928,32.435861271417124,18.206472732523906,-1.401550855075286
2000-11-11,5.694716270439078,31.61035141173944,18.5340924396973,-0.9967285971686273
2000-11-12,6.404737652937556,32.08225776224555,18.330880138440605,-1.4103470790736483
2000-11-13,5.530091039113547,32.501992098994855,17.150062486965584,-2.0464554919988065
2000-11-14,6.291021074946932,33.147967517984405,16.782948192844454,-2.6642744074486133
2000-11-15,5.65926628802209,34.682444560272636,17.650711325955335,-2.2229976623812457
2000-11-16,6.836504314569369,34.02715066942684,17.285550344758434,-1.9100968614772105
2000-11-17,6.49082178877653,34.175158531570574,16.4062410344927,-2.891262667455245
2000-11-18,6.51898516838026,33.13220760534176,15.78417098558323,-0.865389284582887
2000-11-19,4.720253051768519,33.47628151823707,15.208082801657978,-0.45543097044132447
2000-11-20,4.6140501050909455,32.93534890147391,15.418052801974238,-1.4173152142835697
2000-11-21,4.975070534964408,33.06774034469862,15.838299795495823,-3.7139936599031085
2000-11-22,4.5995349529921565,34.100045669074326,15.282758862444979,-2.4201656617683325
2000-11-23,2.9647965452972063,33.489841149352245,14.292096467712833,-1.5770554390296798
2000-11-24,1.4488087887632668,32.60487738882424,13.72562467398418,-0.7760389893552174
2000-11-25,0.7857304097873958,34.159021216163396,12.192361513449347,-1.852669688998052
2000-11-26,1.8227428185458476,34.98722565369984,11.610574029215455,-3.691701014016226
2000-11-27,1.2095960857059744,34.31905010702731,11.679664938432694,-4.497899320155682
2000-11-28,1.6252753833276978,33.50826615571004,13.342972760747209,-6.409068952508173
2000-11-29,1.8973800742956177,33.8017829108419,13.315068796238666,-7.237557531542729
2000-11-30,2.8122925950081594,31.73757779969329,13.697981831310923,-6.259158360925601
2000-12-01,2.109196351628598,31.98731704791361,14.099446258863901,-5.284865832765974
2000-12-02,1.8797076691427381,32.48579600254712,14.11967234963866,-4.388469583160566
2000-12-03,2.898903743009314,32.4398676118068,16.063858754975655,-4.51423622308419
2000-12-04,1.8971151982416654,31.892581734803123,15.095562057584319,-4.749383252697157
2000-12-05,3.4086519916769964,33.773598151799476,14.332677122819684,-3.5619576252291476
2000-12-06,3.695024533357371,35.456276037501546,13.230376238471115,-2.9401304088434967
2000-12-07,2.5447826539894116,36.04304525824002,14.17946377286752,-3.8190518843227945
2000-12-08,2.4870352634712916,36.531393822851626,13.72110943043385,-3.8835714739684315
2000-12-09,2.1763121366233253,36.91002916166499,13.351255195942626,-3.0347784448201356
2000-12-10,1.526602996123768,37.60924637233787,13.620559822848227,-3.9634583641383188
2000-12-11,1.8705708644400159,35.66154487480452,13.686997769479891,-5.2043920800500825
2000-12-12,2.082853481880052,34.52463879783045,13.308583559856903,-4.0241592166014275
2000-12-13,3.5535688537199803,35.120836937645194,12.731567799005958,-3.4622335970692353
2000-12-14,5.0032951236190915,37.33404749147878,13.029118211867944,-3.3149606720476754
2000-12-15,4.719246524896127,37.54769468561018,13.888566234246424,-3.6610814682537547
2000-12-16,4.848509131744804,37.80784247651826,14.10662738300523,-3.274269549904657
2000-12-17,6.812081444424473,37.24936995213407,16.141116576285164,-4.3041891601464295
2000-12-18,7.411197177250875,38.79639143569782,14.582673961599161,-3.8918303475247322
2000-12-19,6.867133120406276,40.280945177517,14.60939398811954,-3.975515274228677
2000-12-20,6.447908381513658,40.821501852874405,13.875240808636264,-2.434757858855649
2000-12-21,6.261628291291947,40.363736747902955,12.59327212784628,-3.80261026115985
2000-12-22,6.318450496202979,39.54253478942314,13.428694833203817,-4.833787312833712
2000-12-23,5.6998811142158985,38.636632934354694,14.264728511691004,-6.791656548194617
2000-12-24,5.79138499661303,39.59527105619955,14.868899097567816,-6.1469905706015435
2000-12-25,5.8227706025913815,39.52404025000739,13.725143266207116,-4.812609271586917
2000-12-26,5.522277411306711,39.58715139265423,13.026614186196776,-5.95429243504954
2000-12-27,5.1252791106221744,39.48162100584306,13.221426963837095,-5.617170197814992
2000-12-28,5.281168750409122,37.93673789128844,13.880637383230905,-5.780156073693906
2000-12-29,6.155794805756146,37.823932596626435,12.730532506591276,-5.4062506979029745
2000-12-30,6.905760961285683,39.217744640578026,13.414755563331608,-5.620324186579249
2000-12-31,5.829716748002931,39.98228767720026,14.885742811331173,-4.617363934885923
2001-01-01,5.503759241033415,38.837057608132625,15.177865866242735,-5.913056473595754
2001-01-02,4.749099421721323,39.91428171310104,16.532487067384967,-5.478569841422457
2001-01-03,4.868060312736191,38.09794224325348,16.916700607303508,-6.343231088657781
2001-01-04,5.729959754590219,37.06516549591992,17.212200296514368,-6.958278870025686
2001-01-05,6.10544165063909,35.547060307368845,16.37956740902512,-7.277361718965547
2001-01-06,5.968553227306868,36.02560102574818,15.909601903697968,-7.238978301044576
2001-01-07,6.228308656801743,37.28483543895409,15.711064029754182,-5.073778866802961
2001-01-08,6.009931490914014,38.3406145704957,14.532559380534632,-3.7120989601163457
2001-01-09,5.001906794635207,37.83614977796834,14.663646515663967,-5.178665760442101
2001-01-10,4.234086551116151,38.79961106498149,15.223315917786763,-4.549970878358602
2001-01-11,4.824591184542143,40.16600842328058,15.832533301595355,-5.327490283981912
2001-01-12,5.121036306149883,40.600711943412456,13.732940720659045,-3.7593360594683385
2001-01-13,6.086490347263575,39.290150752257496,15.123380269667344,-3.4127096999275146
2001-01-14,6.381686885983614,39.37028501118378,15.04928722254484,-2.339245684928096
2001-01-15,5.9453042951686825,40.44526904687712,15.533281772316103,-3.032588734511112
2001-01-16,7.094112382760026,39.80620826867413,16.371965879219022,-3.2309535548945085
2001-01-17,7.699328774271717,38.877851604440465,17.566494915960096,-4.967141224306974
2001-01-18,6.015528289556153,39.197792353843894,16.30777498380241,-4.097480517381565
2001-01-19,7.2590165459288745,37.15708062709677,16.77593386242204,-3.6399664279227566
2001-01-20,8.017673910375056,37.38989234944849,14.43824421469447,-2.589396960476566
2001-01-21,9.343944324470346,37.333384658679925,15.803354723655652,-2.0623416708055267
2001-01-22,8.724534976824865,37.45737864724276,14.144641912326056,-1.7774125145099076
2001-01-23,8.535467750176183,38.01950844664745,15.140865577011002,-3.3632736728484627
2001-01-24,9.57416262716742,38.83955723024873,15.116220096691823,-2.6265929891824142
2001-01-25,8.191171468845342,39.01997181405083,14.648585694059179,-1.8328456882217434
2001-01-26,8.522745324999962,39.89247033151156,13.461449708288079,-0.6159791234988099
2001-01-27,9.139735372315334,39.70777527557298,13.812120579453557,-0.8274296297414019
2001-01-28,8.050153859106077,42.37686005605794,12.803572814924047,0.12847298304555133
2001-01-29,9.054822449464972,42.10207171901224,10.477316219804955,-0.04215232046648515
2001-01-30,9.81680934049161,42.019990749002275,10.38911612652563,-1.4906654514810573
2001-01-31,10.613210591617001,40.91717016318322,10.762225553079572,-0.9219500415872485
2001-02-01,9.970409532094344,39.27424166304476,11.826460150961811,-1.7723785505102314
2001-02-02,9.383097560504423,39.890021999226676,10.570829643838184,-2.7382360154105942
2001-02-03,10.979944010865815,39.7496723561291,9.032692519513137,-2.9904608630857217
2001-02-04,10.094434655148,39.51441401562851,8.135254317899985,-2.314627111405503
2001-02-05,9.558828967412577,39.885506998248665,10.8736088285529,-2.472037100853699
2001-02-06,8.759627790068018,40.841535107720695,10.746531785405862,-2.398140639961323
2001-02-07,9.974858659257224,41.866326937657945,9.303851673083935,-2.789817056255607
2001-02-08,9.564408031411563,43.23383043292772,8.433757229755376,-2.142652594093805
2001-02-09,7.785265948283871,44.30987953352701,8.740921820075988,-2.349720400832668
2001-02-10,7.917715302437031,44.42927817328894,9.003736078920669,-2.488111921340998
2001-02-11,8.845630850237582,44.615399539643036,7.135804841044616,-3.10149513613374
2001-02-12,7.826062662332,44.680277277511195,6.661381990866838,-1.7408945264697353
2001-02-13,7.741823163421331,44.582602130583645,8.565384946277106,-1.6578941805120164
2001-02-14,9.454276881616645,45.34354394932076,9.866479809689208,-1.6507994030497963
2001-02-15,9.67718913209644,45.37882305929622,10.258057599834483,-0.9897655236424074
2001-02-16,9.521890672587546,45.98822488519646,9.334558934222262,-2.2739334726705955
2001-02-17,9.553173067762343,45.78765996902022,9.02673543324078,-1.6927450278337233
2001-02-18,10.322412157036895,45.2654098766201,9.730422519159188,-1.756770731870258
2001-02-19,9.929881852023957,45.20977454386577,9.041031590997544,-1.4088854885073885
2001-02-20,10.645925258287829,46.71665589010275,10.206129503746208,-1.3318761851917964
2001-02-21,8.09267471368495,45.77869373928036,11.21233717586592,-1.3334302587773128
2001-02-22,8.529098667468299,45.856406204369264,11.824016229046656,-0.37013300776765756
2001-02-23,8.489682218339077,45.79495833436979,13.23140292336489,-0.7844702476696286
2001-02-24,7.529914136705415,46.227323684932834,10.72795194083732,-0.5287273080077751
2001-02-25,7.04525560564469,46.28186291301922,9.672421213893964,-0.8397824442322461
2001-02-26,8.280298743369022,47.94284637556163,8.656166667392558,-1.688198892336031
2001-02-27,8.556647466059124,47.44160643691543,7.1454138199158725,-1.4598199638550964
2001-02-28,8.578617911181269,49.062322236389576,7.132490481075853,-2.9752499043040053
2001-03-01,11.187826322880614,48.56929684649752,6.402998844469964,-1.7036304902179271
2001-03-02,10.914051098325006,49.77404499521681,6.968478233778134,-1.362882059225329
2001-03-03,9.918668865213371,48.456979153437096,5.358971479124497,-0.15312136327253367
2001-03-04,9.353798610652667,47.006631118365306,3.0310849474207644,0.9450575303721889
2001-03-05,9.819002706153224,46.73592905933224,5.339065022661875,0.8478186297207565
2001-03-06,7.790153375814229,45.79889524774911,5.5447273810591975,0.8173729692857029
2001-03-07,7.98147462086624,45.451268848738664,7.020654325530547,2.2212110884108953
2001-03-08,6.6844336912126066,46.04186478672286,6.283586938942015,2.244967304932588
2001-03-09,6.336198270608848,44.472221479796815,6.296791403867259,2.5104489483688157
2001-03-10,6.63097251741894,43.775164620979034,6.7886675930865055,2.05468778803315
2001-03-11,7.606529197277977,44.480121570558886,6.91884457315605,1.272852637502114
2001-03-12,7.47766339424638,43.79254539367369,8.195929065619083,0.07493416094515304
2001-03-13,6.586928247364026,44.3571737941997,9.093204040728109,-0.5028599963329772
2001-03-14,5.826192078434472,43.5499394259071,9.99354146478374,-0.7621939732357105
2001-03-15,7.4018180811932455,43.502708857733346,9.352389699530363,-1.10520371601202
2001-03-16,6.479902386438396,42.21596157318356,9.590661044388806,-1.5919095101167033
2001-03-17,7.337014582144868,41.88132845913287,11.87255757147825,-1.716683319541024
2001-03-18,8.160968250740204,40.585577193385454,12.519304792512001,-0.379628160292083
2001-03-19,8.869861485331036,40.18858776963871,12.165578595262954,-0.555790521124762
2001-03-20,9.859730345143332,42.16335110007273,11.639383941877536,1.3692076776609905
2001-03-21,8.897643572659891,42.51724111284834,10.279935983863105,2.211650498128079
2001-03-22,8.519252826154739,43.59460452983374,11.30579403329277,1.0048379978724031
2001-03-23,6.461676587892454,44.25872715084234,10.36190423887616,-0.0027527022142526114
2001-03-24,7.1893241361547515,44.28530741643795,11.165134814685551,0.6482504847886178
2001-03-25,3.795394874324143,44.36730922352451,10.179542782892211,2.8517771702960015
2001-03-26,4.059857770819444,44.29951074387277,8.927749875362114,1.9599737166633546
2001-03-27,5.018494593856667,43.04646307487682,9.88580732656835,1.6474539467274267
2001-03-28,5.710835252869395,42.651535851838666,9.056781326106547,3.033687553498492
2001-03-29,4.701561241064543,40.74385630764689,7.785115911651568,2.4548281135190546
2001-03-30,4.695560058165707,39.68131039682319,5.835108964170706,1.9386437199274469
2001-03-31,3.6612450350423007,40.265878308986174,5.818453952050944,0.1245182468420043
2001-04-01,3.289318853104147,38.725824382485676,6.0126479578171015,-0.6836352510303799
2001-04-02,3.437104627678082,38.833754270875986,5.397662148394684,-0.7699881437961346
2001-04-03,5.894475272491338,38.64739991587407,6.332634955686869,-0.33686946737775453
2001-04-04,5.6342728145458985,37.19469404719815,7.48225814430536,-1.285296047958924
2001-04-05,4.1747401953983285,35.805595387002576,8.85751110178433,-4.048387274732211
2001-04-06,4.78570516980969,37.474937144610614,8.884990387483631,-4.337643101986636
2001-04-07,4.025904049757645,36.37689436344344,9.982437123453153,-5.069924892708605
2001-04-08,3.0857427339695596,36.46256363314862,10.69853853468743,-5.316152948106565
2001-04-09,4.3871572592287595,37.34425306472257,11.496088675156775,-4.3278988259467255
2001-04-10,4.17709031539995,36.7113015775191,11.410575180944242,-5.927386162295745
2001-04-11,3.533894881103011,36.49829823899763,9.87727642292794,-4.985409705786665
2001-04-12,5.26789740792387,36.09755713356517,9.915516298184237,-3.2711758669244473
2001-04-13,7.272622158107572,35.452595779517345,9.973569938639521,-3.540063916081792
2001-04-14,6.818334437067443,35.07098987286739,9.161810839650542,-4.2983994081281605
2001-04-15,5.639857847266934,35.312370443702,8.086262000790798,-4.366262160356343
2001-04-16,6.622572365067461,35.725490159504226,8.847982814438616,-3.4894975196325584
2001-04-17,6.267391818318139,37.37768399992513,7.950733301609649,-4.130423401840357
2001-04-18,7.684369874411013,36.70402167778688,8.424367397648535,-4.400959973479237
2001-04-19,6.431940236828805,37.07790811343778,8.632955596796311,-5.417966081520497
2001-04-20,5.7481576799402445,37.21020081783609,7.479939099738951,-5.480390832316415
2001-04-21,6.359701001966415,37.37702330292177,6.617562000426278,-4.506493559193894
2001-04-22,6.390319425942261,36.661064990080305,4.9392906962243295,-3.8409464185933047
2001-04-23,6.30585643567213,34.80117989833214,4.122876950163264,-3.4021189546546213
2001-04-24,5.261589054587135,34.53764634419672,3.495238182963558,-3.3839655187979854
2001-04-25,4.9631902067821985,36.153393781970905,2.925729909534172,-3.5430576826240894
2001-04-26,7.24408705041926,36.75131835465713,2.936941214326243,-4.144060775581072
2001-04-27,6.494259749788092,35.42872502538154,3.6867503103912393,-4.047052534528475
2001-04-28,5.3749663378684565,35.00553194176307,4.159364539140776,-5.728521696388672
2001-04-29,6.166688170970863,35.99351557155161,5.113498145423908,-5.427566521698036
2001-04-30,5.570884202869149,36.00570483190867,3.750537971644571,-5.146700471833744
2001-05-01,4.886048540892621,37.15469318528586,4.154631275643921,-5.038653456043438
2001-05-02,6.004045239438712,34.79333669283303,4.49720044430367,-6.986512551261249
2001-05-03,7.070822242731794,34.54864307464261,4.443866286148105,-6.410770946151397
2001-05-04,7.411081230457838,35.189416376545914,4.573013241568688,-5.832139625954165
2001-05-05,8.712435137295554,35.95726856030186,2.239807091396822,-5.915201408462183
2001-05-06,7.308815429974141,36.510458435568296,1.726369203437974,-5.194228577075178
2001-05-07,6.070402229119733,33.92389647080908,2.534298878316303,-5.15343285385748
2001-05-08,4.651959877501636,33.698282812786786,1.4365790834200494,-5.601152237596341
2001-05-09,6.018666575196271,34.09463006065813,0.2855904509278897,-4.4957609075474805
2001-05-10,5.619889494987087,34.6697235090068,0.20448404974065548,-2.0000342113861773
2001-05-11,4.016039797105803,35.086085935247496,0.34202571969496265,-1.4025521958322869
2001-05-12,5.784417757074931,36.93663632156356,0.6429133264008617,-1.265742570614966
2001-05-13,4.870431671566766,36.66883742228078,0.5287310162574627,-3.3346377392373894
2001-05-14,6.414323066027149,36.680893212813395,1.0481626131599744,-3.6603171268856998
2001-05-15,4.811579314517346,37.13694059960904,0.24682079440809745,-4.140189664084867
2001-05-16,6.329847378141981,37.320333072788564,0.15877011006685443,-3.940946479842947
2001-05-17,6.650437841338878,38.3037367191814,-0.3581531272692858,-4.138363746466476
2001-05-18,6.434138934466488,39.96764379959397,-0.1865880203408835,-1.708027735170937
2001-05-19,7.121354697491109,40.7033581412744,0.2005274087230241,-2.296103700969136
2001-05-20,7.052233735404124,41.85733951752085,-0.03969029616157255,-1.9121717103562397
2001-05-21,5.7280052388672456,41.30160189566895,0.7529231735674311,-1.408152806621656
2001-05-22,6.198222682761453,41.53743497537792,-0.023386246458385385,-2.641057993237446
2001-05-23,6.032326980585774,42.67681167982284,-0.6586148848644982,-2.7806014091142592
2001-05-24,5.272543514235733,42.958416120509355,-0.1688237691888298,-2.3590796608542886
2001-05-25,6.200457329304364,42.608333572325556,-1.491406813718549,-2.0223485556795184
2001-05-26,5.485286971604739,41.857639331771786,-0.928411388525098,-2.612198311413846
2001-05-27,5.065737633463403,40.81706362525795,-2.720978452849484,-2.0939853526647143
2001-05-28,3.8949012262880904,40.80464055795699,-1.157146831364241,-1.0372399316361116
2001-05-29,3.4019128216165377,41.5915843325676,0.9039854772931055,0.5653547108154782
2001-05-30,4.296999696142689,43.64331420845798,1.350298976048592,1.8430632599976462
2001-05-31,5.227858380624231,44.876903572273385,1.4796030818908916,2.415660087667727
2001-06-01,7.241739757513007,45.07054159410103,0.3925648965875894,1.965701029987127
2001-06-02,6.516440511274152,45.74732714007582,-0.06748830738275224,2.475512088576453
2001-06-03,7.475543344020313,46.81306507630798,-1.1989424155196802,1.3119262959979554
2001-06-04,7.756711403697438,47.377107488996536,-2.153612988929183,-0.2537477139888984
2001-06-05,7.876012797416326,47.45377395057983,-3.1485249679675493,0.06786235201777246
2001-06-06,6.395389575241579,46.45684146412582,-3.8525434538482823,0.5982910691239244
2001-06-07,4.948380707446779,47.04840642136096,-5.034554675583366,1.91591381765768
2001-06-08,6.516036828812734,46.25995677505605,-5.659497309753919,1.834781191382645
2001-06-09,8.011770658588155,45.698130079852916,-6.366843278364281,3.28758866656937
2001-06-10,8.536492915161,45.411732427833186,-5.837096595496406,2.9052361502399537
2001-06-11,9.788544749734298,45.392557060947524,-5.859295663317769,2.596906268821889
2001-06-12,10.108224414111833,45.187687841977144,-6.10728135706201,3.357074576027342
2001-06-13,11.521725629655736,46.421193011979206,-4.179453550711494,1.2369899961222615
2001-06-14,12.313890670421582,45.58314161179958,-3.326634824449587,1.6643316609829184
2001-06-15,11.743920165235254,46.2419907890654,-3.554419186277347,0.02681028830151022
2001-06-16,12.113727370943968,46.87080668466663,-4.155527790883372,-1.4606514339845647
2001-06-17,13.283632160327851,47.084229812138446,-4.79882458798544,-1.6879079346703887
2001-06-18,14.699230741170608,47.108593784038796,-3.732385206003809,-2.745451979511262
2001-06-19,17.051816367508824,47.58517212148085,-3.139805332609535,-1.762930913632614
2001-06-20,16.379183953411495,48.726248769111486,-2.861358968776531,-0.5635729319340519
2001-06-21,17.36786287277621,49.06522683694911,-3.4629443087781464,-0.8412134935190458
2001-06-22,18.2456058562286,50.21790605822649,-2.2017005850612015,0.38588578867300716
2001-06-23,17.809522029305192,49.05690111634313,-2.183208466991686,0.3575287031306816
2001-06-24,20.12971648440929,47.13076502871244,-3.7050570509964813,0.7053795417806439
2001-06-25,19.232835539303696,48.237362213880154,-3.8758451599027883,1.682394878117429
2001-06-26,19.81523612294692,48.24135112139976,-4.277840652209914,0.397924627131905
2001-06-27,18.747145620105186,46.67180824256726,-3.8402108126540546,1.392811011037913
2001-06-28,19.772971948198823,46.15218647956734,-4.105977292826318,3.7389018580130964
2001-06-29,20.21542676822067,45.90023804923704,-4.370249832840907,3.264091711001159
2001-06-30,20.441173632737883,44.77046234771771,-5.260659541951448,4.679498590916183
2001-07-01,19.50599110060455,45.15071494786337,-3.364552571528444,5.101736948346838
2001-07-02,19.92210068628597,46.371798377979836,-4.999820232918162,6.002929329048421
2001-07-03,20.865315544501186,47.094489949091894,-6.454073483249345,7.284713512379213
2001-07-04,22.241544427229886,46.09257522572897,-6.134848294762016,6.626684794257475
2001-07-05,21.64225973161916,47.69006773488919,-6.492959958529439,7.533049010562264
2001-07-06,24.022492022859733,45.38274263675027,-7.84982825378053,7.877804717675486
2001-07-07,23.218268459310078,46.42927623846366,-7.072038738849694,8.538848917794882
2001-07-08,21.687690647532076,45.81441877829073,-6.328952702676829,8.145315706118462
2001-07-09,21.900608197961873,45.40454003399529,-6.496799246871805,7.184393296281362
2001-07-10,21.42524868333816,45.740808994891985,-7.025231812243674,7.09282260721037
2001-07-11,21.461451783762758,46.54951727441347,-6.7360628853893925,8.57563596908803
2001-07-12,20.895365504204694,46.76461914083249,-7.041937890759022,9.233049725576086
2001-07-13,21.149772382153714,46.32789058759868,-7.807794977646855,9.91356212904093
2001-07-14,22.881664721883972,45.54246332923202,-7.127408280953732,9.081352545052653
2001-07-15,23.74376337458775,45.58123425833129,-6.172618040850636,9.660653681890139
2001-07-16,24.398925543250392,45.49846061765798,-6.163515393450108,11.282754198246534
2001-07-17,24.308746634342032,45.00035983938308,-7.633508044106203,10.605061773565588
2001-07-18,26.025916788052427,46.27420951174518,-8.506791203262754,9.195047374399753
2001-07-19,24.65834242218863,46.933074778767136,-8.923403307687872,9.414702279660565
2001-07-20,25.1664990097308,47.9994789873878,-8.671163300784135,8.81583660235834
2001-07-21,24.250050939577644,47.85533900863291,-7.192541962090887,7.09847287156915
2001-07-22,22.93227974046609,47.14874169290698,-6.158253248451907,7.047057847937398
2001-07-23,21.63856379820883,48.84590516060836,-4.682301793176009,6.55985151962216
2001-07-24,21.280039018881137,47.67025631830912,-5.184956724387783,7.515261598237492
2001-07-25,21.23011082105756,46.643571475004926,-5.12022163972382,6.282171055305274
2001-07-26,20.716918063658635,46.55905353173742,-5.269448102881972,5.606688943145051
2001-07-27,22.50006532332666,45.04177065674524,-5.449999986108431,6.502627788939263
2001-07-28,21.817315277182736,45.79138537000093,-5.121289394279367,5.533145217562909
2001-07-29,20.985247948859904,45.95511012109547,-4.09760381090152,5.198543082771671
2001-07-30,21.3071123829849,45.99196230014856,-3.9884855687094243,3.292534020091904
2001-07-31,21.348821141401036,45.17880602020121,-4.618542616834704,2.1894013012062983
2001-08-01,20.01678347707029,46.525766682360526,-4.732608684853011,3.6932547472998136
2001-08-02,20.60453198312471,45.42813477796693,-2.3872356405416757,1.7977922416423802
2001-08-03,20.186997740249936,45.64217900918244,-1.9197086202830007,1.8156057582396883
2001-08-04,20.096346937180535,44.24697697378764,-0.17571271497977525,1.004883258762427
2001-08-05,21.45483784238316,44.6252593891575,1.4599794892586726,1.9353661101364699
2001-08-06,22.050879323517737,44.163398842874145,0.5138891180581563,0.6767868068257494
2001-08-07,22.39580192342688,43.50430107385971,0.9780741092882546,2.4909986966187176
2001-08-08,21.88162538580478,41.19195613580194,1.2901151352886289,2.018817774914541
2001-08-09,21.403815961572036,40.88590368753567,0.026357617751237683,1.3651260325960464
2001-08-10,19.357708279000477,41.05840524906586,0.09000677358246024,2.9877539026366025
2001-08-11,17.68196318733851,38.983989852938414,-1.040288885422477,4.1839742533442585
2001-08-12,18.451828203050965,40.78838840216401,-0.8108939221532018,5.105038447777475
2001-08-13,18.842254888722067,40.60404335728947,-0.46955840382660297,3.5401474167970033
2001-08-14,19.67445377216017,39.68833968057459,0.9837843436371037,3.89911318920948
2001-08-15,20.929846115015714,40.5755510987299,0.3672028456165646,4.264076754432711
2001-08-16,20.563453369142348,39.62573786377112,1.513699638630786,3.1445035698460115
2001-08-17,20.791395344107535,40.0652590931714,4.155810550562947,4.317098643863133
2001-08-18,23.025416221782898,39.8969282078241,5.899518789108212,2.347438407009628
2001-08-19,22.11025973395954,40.97238795114011,5.501799711037425,1.3510793030321748
2001-08-20,20.30296259688794,39.51812772281622,4.035162076177294,0.4652138062088844
2001-08-21,21.159248974907374,39.212473915984624,3.907905467238036,1.7348903090364318
2001-08-22,22.41271722419443,38.16965495069512,4.2269923615194305,1.8029957415954694
2001-08-23,23.370762386816583,38.128987664596096,4.817887537942197,3.4476334261427475
2001-08-24,23.39865245157923,37.112715315272055,5.789281534035388,4.6208132153853665
2001-08-25,22.587501718344054,36.017128188933604,4.084071970433094,5.367200785109356
2001-08-26,22.04615893373234,36.41224094162227,3.459526586055366,4.106597900293616
2001-08-27,20.622250438191966,36.80652894019266,4.3623699769423325,4.77653953835057
2001-08-28,17.93698457461201,35.75945862800698,5.680785761478584,4.036970294277948
2001-08-29,20.004777718921243,36.52982316522839,6.688139565602747,3.9219149257388435
2001-08-30,18.6453425502581,36.756031519945836,7.519895846862774,2.704345933448382
2001-08-31,19.947482067008558,34.901216321602874,6.008466932690479,2.237933931363923
2001-09-01,20.119260211740304,34.820367421327504,4.88205752544923,2.8301081178840137
2001-09-02,17.60187925136328,35.88061327298548,2.2162615729876918,2.209776403071261
2001-09-03,16.610610475923977,35.93619209114575,1.9089617498096954,2.7802122077474305
2001-09-04,16.06563810380965,36.734470322630294,3.6496980500560454,3.240850157631392
2001-09-05,16.119821587200278,37.49451303129608,3.4692473438351246,2.2757379622112914
2001-09-06,15.211687551814192,36.007960047705886,5.4519200414830165,3.943664341233613
2001-09-07,15.52656456590484,36.2396550326748,6.371518489515928,4.405808869105248
2001-09-08,15.961693382842913,36.7900474450611,6.401726040965582,2.8455463024103986
2001-09-09,15.523253433495318,36.18853821637606,8.124530284506095,0.706105018092916
2001-09-10,16.15647167569631,36.384159608278,7.829616663510789,1.8684551457465841
2001-09-11,16.247609434258536,34.88907001629428,6.472135027737518,2.8496795214930475
2001-09-12,14.7640600136661,36.77444096966613,7.191712300760361,4.327583636977895
2001-09-13,14.647611810359285,37.08691800017282,7.843156939197244,5.011175319525444
2001-09-14,13.820882289300906,36.76362877954573,6.888026155412114,6.1903910765301315
2001-09-15,15.554074598239085,36.567712894799286,6.483908625624182,6.141066742470061
2001-09-16,17.1246702155433,36.14426812391266,6.010345774814487,6.675127594955661
2001-09-17,15.031040780836754,36.04794927471214,4.872753245981915,6.9509490568026
2001-09-18,13.135695670949072,35.200289847980294,4.574720921303576,5.660480336177954
2001-09-19,13.095259708304514,36.67846317775179,2.143850481650452,5.657418857070584
2001-09-20,12.572986615355811,34.39929869757946,0.012006418488002879,4.8999810023096755
2001-09-21,14.73747222375775,33.99306009535053,0.7613611984126266,4.038668087920326
2001-09-22,14.70560642188863,34.36018196787965,1.6376867513253615,2.9757057790881114
2001-09-23,16.7948011843013,33.45319584628983,2.2778461611501695,3.6614953542252597
2001-09-24,14.282746323062895,34.14415277603675,3.0251591797321327,3.9810939121619326
2001-09-25,12.192386501104234,33.6043382530136,2.5005799630917735,4.180583233368246
2001-09-26,11.581088511562495,34.48753596020976,2.3268468572088237,5.590657593860188
2001-09-27,10.290955361791374,35.37385157075069,1.095094703464643,6.108270582999626
2001-09-28,11.190330286046546,34.69704864152425,-0.16003199380815158,7.3312787569316065
2001-09-29,10.120957679221396,34.421746730880436,-0.3188848018165986,6.480690084683598
2001-09-30,9.926648588102807,34.174168072854926,-0.161212212870652,6.278168400193447
2001-10-01,9.090564692681966,34.18793562235047,0.924337668896479,5.800324962555544
2001-10-02,8.177699790532774,32.32660767299672,1.0328092439311174,5.629548867910504
2001-10-03,7.20485473197292,31.37108517048915,2.75955343182485,5.834141727262782
2001-10-04,7.333230672584123,30.718787118392946,2.999065913114088,6.330372168384675
2001-10-05,7.272435125000071,31.505114317306564,3.3962588436530883,5.949595796120247
2001-10-06,5.388572438893376,30.910176632069575,2.132818240110166,5.34552823863928
2001-10-07,4.979547116826041,28.626733093259396,2.6718877425965055,5.614893186068739
2001-10-08,5.469281381943203,28.657600195607507,3.860021257544177,5.275719751914943
2001-10-09,7.139019134846588,27.693310620469965,4.166048393872201,4.907706003576247
2001-10-10,6.955831923333832,28.4688044889625,5.086768382252009,4.919464254384534
2001-10-11,7.724979927613988,28.594546984918146,5.384887070994737,5.238666756900844
2001-10-12,8.38989248693278,28.84110668863768,5.721419896663913,5.912988520900096
2001-10-13,9.485649648816233,31.134714291370965,5.2162308353141364,5.2422000384360645
2001-10-14,9.313799079611528,31.352237204811964,5.640223464319817,6.153005438212147
2001-10-15,10.025224525774586,32.05319756603353,6.339991401615621,6.174268077615479
2001-10-16,10.167213171238682,33.278719719129825,5.246845996794679,5.960132996993025
2001-10-17,10.666265911250743,33.31411389616121,5.405342844230312,5.7505754013307975
2001-10-18,9.283598186074402,31.927487672864206,5.516717215922956,4.880573880159396
2001-10-19,9.681523071874086,32.04771256970985,5.058255254144909,4.634965202540383
2001-10-20,10.572953195107623,32.165696670401374,6.095538235322544,5.936679165143395
2001-10-21,10.115922901386925,29.977096333960546,6.096645604535091,6.766254824374065
2001-10-22,10.373639278184417,30.439737697776973,5.134233439657428,7.663586326736239
2001-10-23,9.614212101742554,30.649015777194187,4.38612690405915,7.398579474124356
2001-10-24,9.128096824297524,30.11356884187269,4.917964139019769,7.447493424605999
2001-10-25,7.014246930570265,30.104553796469407,5.2034909230914455,8.738485059585354
2001-10-26,6.896531681053483,30.706778411445907,4.254512539962511,7.868569905991297
2001-10-27,6.4909015347367225,31.713520385117086,4.7275642970982625,7.744201681354446
2001-10-28,5.525015287169337,33.566595729494836,4.57688958095721,9.08990678232884
2001-10-29,7.259720970780395,34.50933313257515,4.661102425877593,7.829850040179414
2001-10-30,8.95676689429814,33.910711077933954,4.334181472841326,7.350474704315262
2001-10-31,7.958955375534687,33.51407228604175,4.7546183655294385,6.110134502655738
2001-11-01,7.775763604899158,32.85619107315497,5.126600897997341,6.386568173650255
2001-11-02,5.354087451178011,32.758783917540974,8.009557972004105,7.146008348684198
2001-11-03,5.715224089165379,30.818672215162692,7.81014963430976,7.669121316990013
2001-11-04,6.165000916881531,31.626593548994496,9.147362329356257,7.383649932303651
2001-11-05,7.691193317095612,32.310354371011606,9.098295765412017,8.59152960655298
2001-11-06,7.124394703287769,33.16944856092169,9.310022052299677,7.727128677380049
2001-11-07,7.462365647272176,34.142828114422954,10.698111427154062,7.813592106107745
2001-11-08,8.601863615298344,35.797284815962975,11.622889886853866,8.423878043668202
2001-11-09,7.034853781100065,35.47743942707177,11.795925824853516,8.364388972647289
2001-11-10,5.007850089770884,36.18517025176995,11.800663273701641,8.606567268453619
2001-11-11,4.67778407456656,36.437734539915006,11.47543003880114,6.981837235969836
2001-11-12,3.9522283611136784,37.21625131123837,8.901768721059176,6.242085889733706
2001-11-13,5.233270630550338,37.242561011899255,10.042395177655061,6.836226798636365
2001-11-14,3.1954464436329557,36.88055278114155,10.578093639747197,7.628366778812605
2001-11-15,5.133025156050282,36.115588435121246,9.764194620097268,9.031801699893997
2001-11-16,3.2424052932235985,35.821487095129136,9.009090578394622,9.982648838056573
2001-11-17,2.54437207149554,36.48040378035027,9.731958610867233,10.395194579941188
2001-11-18,3.8425491966883945,38.298173476108566,9.844921259994962,10.135368723477375
2001-11-19,3.463809029910597,38.38701900960285,9.943574086767649,8.374158658502902
2001-11-20,3.003493404205702,38.450757392333244,9.194506131238223,8.032654561606783
2001-11-21,0.49997556524864706,39.06552771472796,8.413976750182034,7.488254534404179
2001-11-22,1.8158109558175592,37.94771302748708,7.662215294395902,6.929888580848436
2001-11-23,2.015776402322595,37.81981584860048,7.645994737831494,5.598514384492379
2001-11-24,2.7314676339524686,37.930244972751545,7.756601952251432,5.67984968558005
2001-11-25,3.1793213731299184,36.33795917386623,6.879282729447501,3.1956460227679364
2001-11-26,1.9691852239551177,36.542082532412785,6.403533107248284,4.283995612185605
2001-11-27,2.5570208935345478,36.84874627676283,6.454158156472656,4.537733610818396
2001-11-28,1.4474560345136513,36.03453821309129,4.908828884016277,4.487446469644824
2001-11-29,1.0076397689718746,36.15202517475637,4.420684943098645,4.556813414447545
2001-11-30,1.7744858931398975,36.345317068092875,4.799490463832136,4.768689547169646
2001-12-01,1.9665052947852013,37.44543020664677,3.138287679859522,4.052899726794386
2001-12-02,2.9708380367448237,38.76489161899656,3.724012028132707,4.601591694872982
2001-12-03,2.7773562403456538,39.141449318843016,2.7264423965197158,1.7435974544655473
2001-12-04,2.9002842127283595,38.237781143441744,3.6709972563204407,2.356448858126527
2001-12-05,3.3515666865963127,39.07559111507514,4.12277005615349,1.573125110828986
2001-12-06,3.792505092361262,39.90795151924473,5.173556920082682,0.6743804848813841
2001-12-07,6.418381053136979,40.28692702703778,5.353708100534751,0.06090705863093282
2001-12-08,5.773557793595471,38.20966300477103,5.055460625165453,-0.39715016025802163
2001-12-09,4.92888868571851,37.861353551440985,3.5837303461218193,-2.77302621456779
2001-12-10,6.58352125456431,40.00006694205309,3.2794150474983845,-0.6812886222779171
2001-12-11,6.9554963936971435,40.45560449826505,2.5705480987905815,1.0247728996252317
2001-12-12,6.456295664449397,38.4719720865536,2.2815173497109082,0.983828322572829
2001-12-13,4.502536594951016,37.13252024816027,1.784959089282794,0.5486071920032354
2001-12-14,3.9133532089626697,36.36344674262464,2.317579380753239,0.3182188031299043
2001-12-15,4.795946138619068,35.595725483195835,1.1939904557737826,-0.07390355490003964
2001-12-16,3.8646775968863185,33.878257783946566,0.6946971420381081,-0.1363240148225787
2001-12-17,4.35251071351477,33.84938881631695,0.361762129092673,-1.9861839424896588
2001-12-18,5.336101124906457,33.16889128349531,0.060439061993427745,-3.721129559996364
2001-12-19,5.790273656735723,30.798640647941006,1.4426649550766992,-3.3529952711873694
2001-12-20,6.787094353556743,30.344102145071925,0.38749249436540456,-4.806376307657324
2001-12-21,7.279483018451908,29.319227315477143,0.32857846293200565,-4.0126952050950875
2001-12-22,6.979069293438342,28.742614442933995,0.19222428564386654,-3.024760288974022
2001-12-23,6.520835934934696,26.857952544564466,-0.22987497789166658,-2.2733848995930037
2001-12-24,6.350892052303508,27.20386567139706,0.5597612528517497,-2.807635933992452
2001-12-25,8.137900517509772,25.808535868897817,1.731797941821206,-2.5842194058344377
2001-12-26,10.001860490455707,25.70973275781972,2.6242290729781983,-3.04895346278716
2001-12-27,10.808576642189355,25.2109844889432,2.4795768863446055,-2.1791978327736885
2001-12-28,10.48451284907984,24.20512019213274,3.2910611290695386,-1.4213432475120804
2001-12-29,10.077406048460626,24.176986664155642,5.628902730293397,-1.763848883189749
2001-12-30,10.083099195641207,25.931795163548195,5.127126871710569,-1.1557476434614666
2001-12-31,10.196701928507858,25.045674600210074,4.338069373509712,-1.8450757904530484
2002-01-01,10.689919121805428,25.41473599197034,3.208511622898907,-0.7646420442656194
2002-01-02,9.594098927833956,26.61957284324243,4.536014543528835,-1.001068787798294
2002-01-03,7.920381754642914,25.598045605287787,3.754068880958656,-0.16748986987130732
2002-01-04,8.986087367784773,25.38244160592386,2.8256188982458137,-1.6630552513706323
2002-01-05,9.591771545419267,27.198761878077985,4.099647112640453,-1.581195326602402
2002-01-06,8.553303712201847,29.082828155319312,1.6004801730561917,-0.7293760000407856
2002-01-07,10.154103629177968,27.93689794311821,2.859310077223836,-0.4691147202276215
2002-01-08,9.84370639117641,27.705784259144156,1.3496078462245293,0.5771350013195786
2002-01-09,9.649059621094738,26.661915133372673,2.041404766903204,1.6845607769528905
2002-01-10,10.477283428998144,26.327471997797478,2.5250237685456147,3.248569789841186
2002-01-11,11.321021570913143,26.48593448776489,2.792654885557721,1.5600144007901415
2002-01-12,11.365138169505988,27.50619315164108,3.9925868367806596,1.6754713459940438
2002-01-13,11.182982355751683,27.972600056176347,4.083567060319916,1.875435844554914
2002-01-14,11.605304702691456,27.22459537038456,3.1570895006560162,1.4306405738538053
2002-01-15,11.886070965146832,28.047443635987985,4.959477047365752,0.9611986012238944
2002-01-16,11.344889396189414,27.910550290882725,4.7462984194751225,1.177765566796905
2002-01-17,11.817902849915049,26.900885606396297,5.114516350287483,2.108592388396763
2002-01-18,12.033074950408423,26.30615364874709,3.0138095925134607,2.4653129543859347
2002-01-19,11.471603209993084,27.4472862678701,2.057392755798387,0.9917070450544387
2002-01-20,11.803166035561677,26.740809019814062,1.0610426351570963,0.25070757095191964
2002-01-21,11.00680343895195,25.631066005950878,1.1417631822855003,1.6369549129928171
2002-01-22,11.168829537103628,23.946430157825723,2.224700950190509,2.6642312047931807
2002-01-23,11.752096380840724,24.860308039390528,1.6333651630117694,1.5057723840145951
2002-01-24,13.825033792000404,24.883735481021155,2.283760174253172,1.7171933268546526
2002-01-25,12.717499209141229,24.84831789175078,2.302885038095152,1.7749144040408376
2002-01-26,12.007070541037791,26.116826045022492,2.6783831017289095,1.7759664597262848
2002-01-27,10.555882775486218,27.931256542853987,1.4030633893214015,2.2018581553987486
2002-01-28,9.83964570690923,25.899690129956696,1.8011486624683264,3.0525747931785547
2002-01-29,11.817029492759874,23.83555725027891,2.986397256468427,2.2855841950879245
2002-01-30,13.051911006658028,24.733486826639076,2.2543240695920517,4.264499874158733
2002-01-31,14.515619793013853,26.16901986661303,0.7863571762239832,3.6317766165430814
2002-02-01,14.408794136562705,27.037381001865583,0.7966814520523282,4.762060168381849
2002-02-02,16.209018270653413,27.648317835712902,1.1666464717740983,4.7317021891337685
2002-02-03,15.619200470397415,26.8041279246084,1.3136682970452722,4.30649341986076
2002-02-04,13.919737203778118,29.58295170657461,1.591445776816705,3.9801178549485705
2002-02-05,13.71022611701179,29.609714287010576,1.2602534853897156,3.265645956963732
2002-02-06,15.95268179673183,29.808616268393965,2.998457920977617,4.722723442926996
2002-02-07,15.498285614865635,30.814533386422205,4.9059681103581205,3.619342640314645
2002-02-08,17.504453921175376,30.756211039107992,5.527312505969254,3.6505056562486367
2002-02-09,15.992528353456201,29.643659863128423,5.251539242356751,3.6877125561470043
2002-02-10,16.75325677321116,28.438811630625718,5.848664519213557,2.618055241294819
2002-02-11,17.597672455746153,28.07648689823622,7.216089063314505,2.5832634738845086
2002-02-12,16.613104751170244,28.27334078842121,8.544573120601457,1.429952387904851
2002-02-13,18.51927709085085,29.357348527416825,9.526713604741241,2.621487211749681
2002-02-14,17.89163369924528,30.33273766199842,8.808478557029451,3.917756202668185
2002-02-15,17.19310385229297,29.729901739424395,9.404345335527928,2.858085203280367
2002-02-16,17.735318180791896,30.79225336112216,8.277346857285885,3.1079088924713747
2002-02-17,17.550435514592756,30.18814091270696,7.797482203664662,3.5025109880927876
2002-02-18,19.261254793349835,29.88434550333386,6.6747640743856,3.7007836132616125
2002-02-19,19.269368731051067,30.49582079236815,6.911211501298462,1.789365957925391
2002-02-20,19.170733475205747,30.44135659151587,7.283488976504449,0.025290215143180195
2002-02-21,18.807469138617808,30.822833043495734,6.7598341685693235,-1.485725726364241
2002-02-22,18.00157636016067,32.0640193820913,6.619647082577677,-0.4347485410189438
2002-02-23,17.592438682083017,32.0585688575236,7.605497444545715,0.6946626307081651
2002-02-24,17.56655403990463,30.957309110137015,8.101580401468567,2.088576134725284
2002-02-25,16.3508592574412,29.725923117882157,9.707684274249821,3.5725994255801474
2002-02-26,17.446538075348204,28.198926378178278,11.416184399681054,4.103912608507612
2002-02-27,16.79072183684228,27.802353166231434,11.19963286581051,4.38830501170036
2002-02-28,17.127139747276612,26.736405917350236,12.044642530161608,4.0402118618106595
2002-03-01,14.739470014716254,26.336281536678403,12.396514845602569,3.0648716740446793
2002-03-02,15.123598227658546,27.316126629218957,12.702859063894334,2.604189305563034
2002-03-03,14.384815875591913,27.154577735819732,11.92042876491194,2.6152406388201186
2002-03-04,13.904490539943499,26.78602272267983,13.293275884385183,3.3467256142947237
2002-03-05,14.321352702179388,27.106235746792198,12.278435065119172,2.6700307559236944
2002-03-06,14.19505368939179,28.277110992548433,11.165647770945897,1.9866165700479868
2002-03-07,13.461231190438657,28.856344775831953,11.854601467456353,2.6392460644994333
2002-03-08,13.793070898258534,28.09866545737333,12.83010688402014,3.8734527359510444
2002-03-09,14.684924914181366,27.77417491614185,12.678285219298525,3.7660900055223583
2002-03-10,13.876013085260876,28.394363311641655,11.212252732527489,3.8347639115435554
2002-03-11,13.082032123404636,28.402960944394607,11.138805015894338,2.632912704741756
2002-03-12,13.74558361188228,28.16617619485997,10.90675742160813,4.065479607292243
2002-03-13,12.984688187050914,27.054652929135987,11.573950405944512,3.923352128475163
2002-03-14,13.06323775085511,26.2343899445405,12.841773895922739,3.7520911998612583
2002-03-15,13.466322299366809,26.465554926195633,11.722720908314344,4.490403169082323
2002-03-16,13.2155673964832,26.687412112344568,12.880846875224123,4.010009412867779
2002-03-17,11.428149939997933,27.83873599200323,12.895633929735467,4.158552247002115
2002-03-18,11.45319031729109,26.342492398251984,12.955679304772996,2.9686776271088915
2002-03-19,12.579711190560085,26.357776503325656,11.615214905310093,3.025081380427287
2002-03-20,13.587209849767195,25.944692059041067,10.825359046961303,3.7338626107286004
2002-03-21,12.972056088504601,26.18850849678151,12.01676127042493,4.513200846937141
2002-03-22,13.24671561511398,25.295200901869624,12.022807404278907,3.4517805953095673
2002-03-23,12.509050390128522,25.61774741261698,12.945302797521041,5.432146899876614
2002-03-24,14.037258835480136,26.26948285199573,13.073500345140685,4.775338129738009
2002-03-25,12.666308517923007,26.84566307311888,14.117939470532246,3.0133910662674976
2002-03-26,13.733835846849214,27.65681582678881,13.491433107825694,1.589899508528846
2002-03-27,14.505090081370776,27.32723121680477,13.916010418828211,0.9880396299957898
2002-03-28,14.362280470120792,25.34023944801838,14.125040785972258,-0.7589766904181171
2002-03-29,13.655201069940619,26.11401141372248,13.52798236403561,-1.4767580228425818
2002-03-30,15.719704354648371,26.413927744874677,11.21810130768026,-1.4332706601337704
2002-03-31,16.286990070691285,26.155626359211016,11.593136407217171,-0.6933188969414769
2002-04-01,16.454233437615112,27.130208504380384,12.214884937550895,-2.1365996184016463
2002-04-02,15.560937841801671,27.068420828826838,13.529101461721785,-0.4018667344574205
2002-04-03,14.905382657388849,28.4479799159111,13.071488122692857,-0.4769883564960634
2002-04-04,15.950384769627545,27.44687746812985,13.022607081893103,0.6839740583933734
2002-04-05,14.671488513494133,28.905938025405224,12.828013147879563,0.6789671805939411
2002-04-06,13.966780031730826,28.70737270079127,12.86894654332806,1.0588878517004554
2002-04-07,12.594950666265452,27.735879538583763,11.499126715065978,-0.3765757641543317
2002-04-08,13.228017617798992,26.248904362406723,13.031937915154803,0.29287392425806624
2002-04-09,12.125310650985936,26.32995205592232,12.16053516272806,-2.058434992677148
2002-04-10,11.484714153480095,26.096095568367314,12.60282230894352,-2.4505961127484603
2002-04-11,10.35621331876515,25.416527388468353,12.074359291819592,-2.0980631289569738
2002-04-12,8.544720545568236,25.799605080737606,14.935345553090364,-2.9113824199966847
2002-04-13,8.80114758352938,24.86790349883602,15.680345484931152,-3.7050444795330777
2002-04-14,9.002973216524854,23.162325692998962,16.652626018234994,-3.6062697446180225
2002-04-15,10.861481085187354,22.37884732308538,18.408671934502657,-2.970103579969206
2002-04-16,11.66259704069192,22.21354299490792,17.738942723016343,-3.5112381877582215
2002-04-17,13.226468386181205,22.531476960130302,17.454944971715953,-4.105744455074736
2002-04-18,12.81060008472868,21.751106500165147,16.42949269852332,-3.702953725306473
2002-04-19,13.120856554963687,21.95817360935196,16.585716830016192,-1.962439167788851
2002-04-20,14.335417458085772,24.037149439520682,15.074854453613902,-3.6010444345677244
2002-04-21,13.803817477659859,22.200198875537115,14.974844382379937,-4.939567632834501
2002-04-22,12.918492513209467,23.577325758611618,14.957711787908552,-4.750253631056477
2002-04-23,13.927166320266743,25.34851121964118,15.416924324995987,-5.593316350617263
2002-04-24,13.481626676659856,26.526161840367195,15.894788711564217,-5.330446676611626
2002-04-25,12.789173783589384,25.689254007832538,16.684387445427195,-5.695881088186041
2002-04-26,13.143154918088355,26.398382975344024,15.966448627505713,-5.148092507767889
2002-04-27,10.858242256361695,27.086114133301262,14.657376300849954,-4.997160888447258
2002-04-28,10.574950585462906,27.945672865912442,12.765156316190534,-5.815988159096735
2002-04-29,12.714528729065602,28.004439150704652,14.008740263381346,-4.961481939482251
2002-04-30,12.770695694880656,27.365722474420767,13.966451954123785,-3.5597916358986414
2002-05-01,11.731599525940894,28.9322607165133,15.799266236184513,-4.1414203555307605
2002-05-02,9.669709800542748,29.08903244269035,16.46375297260826,-5.096430665079807
2002-05-03,9.327151795389685,28.043479288787438,16.26072177728403,-5.310974190432107
2002-05-04,9.52156721480844,27.668996386088534,15.563818025311388,-6.897324130460747
2002-05-05,9.79308643514307,27.38728831770673,14.510374314380842,-6.437694474620948
2002-05-06,10.184332380334032,26.97369551452054,14.54010920571053,-6.038183895042181
2002-05-07,10.699168515424507,26.47664185747897,12.807456938183936,-6.99623334230132
2002-05-08,10.007212294297283,27.55742736439412,11.422298894460827,-8.822065909280923
2002-05-09,9.26174029032253,28.036768694998965,11.562035284173263,-9.932658841996707
2002-05-10,9.436959792110368,26.557153978968476,10.950119747425907,-9.229265727323403
2002-05-11,9.31810551209856,26.111808672097013,9.638679122406781,-8.81024186011419
2002-05-12,10.750526974657664,25.486214400296447,10.70876083218376,-7.5176843512564195
2002-05-13,11.321230488588014,23.648490643487133,9.485408000406519,-6.655247652836403
2002-05-14,11.275875704100967,23.140124458804394,10.92855348362898,-6.576682765332052
2002-05-15,12.95712459353934,22.38353339665763,11.941382232450605,-4.967616877222564
2002-05-16,12.248430001666142,23.08109933742369,9.779346445418867,-5.854865734347349
2002-05-17,11.324922664029282,23.875941529585532,10.415709788072984,-5.606904259904223
2002-05-18,12.122108599483465,24.912429165588808,10.88943587948652,-4.535983560894385
2002-05-19,11.69902597430822,25.432699212451432,9.721246630458278,-4.306624686424766
2002-05-20,11.943583147752586,27.466853010695843,8.556792949375048,-5.491997272009451
2002-05-21,12.334404490936313,27.65275674587585,8.234127377257918,-3.973073641420297
2002-05-22,11.95040569918204,28.491723557363976,8.199534153589676,-2.5338040118355236
2002-05-23,11.62783998607484,28.5128928018195,8.993423345353676,-4.069758110565735
2002-05-24,11.872101151048936,28.07260665832784,8.812303662940465,-5.052279071252547
2002-05-25,11.773706875946234,28.440010672505903,9.70589340652998,-4.633435226979444
2002-05-26,13.108499711558697,27.556461761035855,10.855589120145043,-5.941853586912831
2002-05-27,12.0481664957758,26.385007840972804,11.306624351727667,-5.9507499305388825
2002-05-28,12.509317127037148,27.18840584792781,10.987911655602089,-4.892036503246576
2002-05-29,12.440362246080163,27.734944739343145,9.016870773459686,-5.693549435679297
2002-05-30,10.433390638204324,28.977192429894945,9.189227356537156,-4.704866559834118
2002-05-31,10.718927999059517,28.107149790233876,8.168235219856758,-7.028384738464581
2002-06-01,10.085341305497199,28.842424689144643,8.020840818866137,-6.893638556327868
2002-06-02,9.206725227119438,30.48380196765894,7.5039439984414384,-9.174397574081443
2002-06-03,8.846559165589301,30.981962369633237,7.248750877251425,-9.104509962655387
2002-06-04,8.888680473913597,33.34656625590518,7.735011033162237,-10.238317507031354
2002-06-05,9.566085883073804,34.55505856730992,7.513690972671664,-10.94935343914638
2002-06-06,9.190860001584868,32.812065324250824,6.721009501931841,-10.728663420541686
2002-06-07,9.658962465171763,34.21945420028826,6.430334004642834,-10.953286262922742
2002-06-08,11.295490650543456,34.248064650478995,4.879097398133197,-9.989312303784917
2002-06-09,10.42326436284071,34.14781727168654,4.95019703533814,-10.133056305244713
2002-06-10,10.647765382249757,32.94846341182883,4.956664854936064,-10.793823298358387
2002-06-11,11.78470788847655,32.01605863026069,4.189287953041459,-11.430786537887592
2002-06-12,12.943698163599894,32.55406151090813,3.354332205213647,-11.689974814737639
2002-06-13,11.580850133854055,31.989630784154066,1.801398246006962,-12.501886908467899
2002-06-14,12.048561706946161,30.726189126451025,2.0894838568338154,-12.178817303331435
2002-06-15,12.922722323795506,31.075733345796788,1.3388961261219579,-12.455841721597755
2002-06-16,12.52431941401089,30.75152180364699,0.7718647942812498,-12.05331743843885
2002-06-17,12.518104898695523,30.50988353137339,0.3225671561040728,-10.739613534232857
2002-06-18,14.412395257925871,30.9405266434762,0.25524718802247487,-11.325342454995996
2002-06-19,14.74502773590649,31.829009998288424,-1.1668597777996166,-10.535606405569817
2002-06-20,14.447490337126334,34.12628709461956,-2.659546936186314,-10.282883971455774
2002-06-21,14.519829896104769,34.388191867781266,-2.53457107738429,-10.059157769380164
2002-06-22,14.769606564124159,33.77885481762409,-4.35362531124184,-10.059941477019535
2002-06-23,14.750896321347,35.02279264006916,-4.593316416142507,-11.977694377548302
2002-06-24,15.620122074557317,34.152552072177855,-5.123494112733322,-11.504261814895683
2002-06-25,15.110189306866802,34.270910725422986,-6.315753016144846,-11.43654014277263
2002-06-26,15.572644217365465,34.86542327360858,-6.138160115997585,-10.549386081816513
2002-06-27,13.817049810010605,35.779483881911624,-7.538563395914298,-8.729817633253129
2002-06-28,13.855331749765847,36.36225666285497,-6.397645862459288,-6.421098519319523
2002-06-29,15.526814951461668,36.367227423118095,-7.129256240579685,-5.99123455814731
2002-06-30,16.55044417010993,36.91690779193136,-7.882067718138321,-6.79491772959829
2002-07-01,16.29313950036167,38.53028107390204,-8.394676915495785,-6.841597211505544
2002-07-02,16.71744050205574,38.04216082084981,-7.971067485786059,-7.565735591578952
2002-07-03,17.06339277288392,38.07391109927163,-9.089494823633862,-7.768585298371256
2002-07-04,17.126488233053966,39.75621973923622,-8.600867239714665,-7.121565882513259
2002-07-05,18.4165042852927,40.985689181579176,-11.224292990419032,-7.591857260168251
2002-07-06,15.678335722718924,39.82781060470543,-11.412249236224755,-7.28934321286441
2002-07-07,15.485694643471085,41.15225101065243,-11.738356057877045,-7.36040959957595
2002-07-08,17.58976214553273,41.23026682389081,-12.056891682878446,-8.225514184085066
2002-07-09,14.901497551491783,42.5308935354459,-12.823346019394009,-8.740668038506401
2002-07-10,15.601482664689224,40.05967870214433,-12.327190759781859,-7.47782657829943
2002-07-11,14.429365677798643,41.16276252428984,-11.370333175438093,-6.674118760668368
2002-07-12,13.013982140546934,40.9685525322976,-11.138047443538696,-8.249293577275509
2002-07-13,12.234528402076585,41.99896850980836,-12.234172216853727,-7.6898335615731215
2002-07-14,13.491918221915382,41.637639355127746,-11.887670393216263,-7.191110717646542
2002-07-15,12.810221794558789,40.312317716967854,-12.698383239786313,-7.470711388043519
2002-07-16,10.68430168258815,40.29622613365533,-11.439005518755927,-7.71783690846085
2002-07-17,10.706703845464045,38.53806694851405,-11.402237304992,-7.536038708320455
2002-07-18,9.96884792397063,39.05941545371626,-11.007715572290168,-6.315572357670579
2002-07-19,8.384497308643468,39.00410333276353,-10.176254949525807,-5.7655179473328
2002-07-20,7.635155879746959,39.62203958055446,-10.68203645743873,-4.876403143824458
2002-07-21,7.044269548901373,39.96745559908217,-8.963261556387462,-4.478585405175618
2002-07-22,5.440403198597859,40.069312273033475,-10.036552412097038,-3.16749870932824
2002-07-23,5.193792480028816,39.95123832700727,-10.722226938863702,-3.680682875052285
2002-07-24,5.391805554509913,37.93326763965943,-9.31206942834531,-4.557036028904821
2002-07-25,7.244183136450595,37.12345447970758,-9.948271031493793,-5.136550820981748
2002-07-26,5.941221425721547,38.684472357238796,-10.516456230551142,-5.089875757621646
2002-07-27,5.8035612437885575,38.94759170332479,-8.67355211861242,-5.463898339311037
2002-07-28,4.9353128486824245,36.99514283267967,-7.841840631121893,-4.408786658940581
2002-07-29,4.599145290593492,36.58009194946813,-6.940737815128477,-5.265388256832939
2002-07-30,5.684265210536131,34.81401280297974,-8.222975084630166,-7.241342526825129
2002-07-31,5.389854996638964,34.298514497964746,-8.289803572648644,-8.023878560476035
2002-08-01,4.871408685419849,33.873230354809365,-9.019943474828336,-7.309372805572734
2002-08-02,5.254181242622788,33.840439651698084,-9.771536727530998,-9.969860945616436
2002-08-03,5.0208448821851075,32.03754717423421,-9.95092594002853,-11.500686608265262
2002-08-04,5.2477397478492485,32.29465959939723,-11.113548548063944,-12.0042349821777
2002-08-05,5.084995696067859,32.0989393499066,-11.902875858983554,-12.527471183479735
2002-08-06,4.134466073803749,33.398995443972,-12.844725306114908,-13.383119021601267
2002-08-07,4.63098141739135,33.26886228410422,-12.426265239652592,-13.38947138879173
2002-08-08,2.3544527703361977,31.621973933840373,-9.8501665104472,-15.712814865728404
2002-08-09,2.476136066452763,32.313506728658155,-9.575573848569352,-14.521308894683987
2002-08-10,1.7470208954616067,32.668219013673855,-11.881517129199898,-13.195898740655345
2002-08-11,1.3473246134147396,32.88235099581321,-11.527136903935741,-14.105424632145395
2002-08-12,0.004038859167979636,35.3839008492724,-11.019736568821536,-13.490448530602986
2002-08-13,-0.4084972188642606,35.80448149977188,-11.807074838962235,-12.529605787188325
2002-08-14,-0.12495307239637626,34.56515273419395,-10.906779639212761,-13.128378116950811
2002-08-15,1.4270408684702627,33.91257708697841,-11.070600344121555,-13.848145953447434
2002-08-16,1.7791910323769193,34.1682116063228,-11.55247804265041,-13.207706136825347
2002-08-17,0.09685105547829087,33.8090157031248,-13.019434572084243,-15.456041387996406
2002-08-18,-1.2548498624655975,34.24354958946149,-14.092918128778546,-17.279872289329404
2002-08-19,-0.8667997509007747,34.639961269684555,-14.693659389322494,-18.300650940157627
2002-08-20,-1.3434442613325408,32.937457087137126,-12.04321308923043,-17.708716432121605
2002-08-21,-1.4509145701782944,32.984399004390696,-10.6651070625981,-17.338146904815464
2002-08-22,0.458424839281409,33.960720664272664,-9.823459519546983,-16.381091156013298
2002-08-23,1.6623004794220022,34.01403177853265,-7.446201009346926,-16.649441324138223
2002-08-24,0.6687199234313426,36.782634355362035,-7.542978857839898,-16.542588144529336
2002-08-25,-0.22122413162609134,38.08426440598867,-7.353930412505883,-16.905011699272308
2002-08-26,-0.4681551821706163,38.9088771380681,-7.691241647884874,-15.623527893672527
2002-08-27,-0.489397502423242,38.78446666250478,-7.357399166665481,-14.543498111227883
2002-08-28,0.46675556076997904,38.7807855963795,-6.743119660586832,-15.206051298049971
2002-08-29,1.9031991218099655,36.687258179808,-5.720742148862145,-14.335688622183373
2002-08-30,1.4328010474168904,37.18606471242063,-6.27487680108552,-14.879621255581322
2002-08-31,2.2180208837685647,36.20039467390441,-5.63817829284806,-15.62538893161285
2002-09-01,3.4053176475969504,36.98736461672818,-4.441911743584758,-14.162031077685075
2002-09-02,3.8542524162219887,38.283544752453494,-4.845949106416309,-15.4493020795598
2002-09-03,4.328033158762817,37.12380353842243,-6.006343902592015,-14.158929174577716
2002-09-04,5.2191031716508425,37.20348620991238,-6.035182340000086,-14.4613889427918
2002-09-05,4.8845468509151155,38.19283597715084,-6.447570207705912,-13.54120424399233
2002-09-06,5.81743464162358,37.66999842176996,-5.983732164175501,-12.238303380307187
2002-09-07,7.953334388201149,37.503575896087554,-4.7836587918877145,-12.092902499439742
2002-09-08,8.575180907400478,37.37762203416459,-3.1542398520143102,-12.895207580556056
2002-09-09,8.24224022995892,38.15549965099275,-3.2851322804937793,-13.483775480729937
2002-09-10,9.699693062523206,37.421024341551174,-1.7631051506763755,-13.397275957099017
2002-09-11,7.228026542775897,38.07056283595789,-1.2501513945311247,-14.455653926436211
2002-09-12,7.276335645108946,38.5030573135807,-1.1100472529767071,-15.362900320893575
2002-09-13,6.955453039028913,37.03861332956329,-0.5719424712179676,-14.527590060588107
2002-09-14,6.232799896953183,37.254276267561934,-1.8930498650077556,-14.385401161163287
2002-09-15,5.3318017762543874,36.671503947824135,-1.78228172609876,-13.645304881042035
2002-09-16,5.825637585926799,36.92073265723552,-2.7181372166004576,-13.875984224300861
2002-09-17,5.972137341600076,36.785577111714744,-3.92376306884486,-13.281417679849099
2002-09-18,5.154684958122226,34.78985759081997,-4.426825410894858,-13.805227134602035
2002-09-19,4.228035193769872,34.40034961479363,-4.431979923206513,-14.5204231636696
2002-09-20,3.047639648273046,36.244469117001294,-5.093583882000251,-15.106411641767655
2002-09-21,2.984360546700751,38.09534886971238,-5.560222337696929,-16.58421622164466
2002-09-22,3.1870980335787036,37.16974169460996,-6.13224951982493,-14.910771026955588
2002-09-23,1.7724699661446806,36.39948824425265,-6.25759958937042,-13.668260646294812
2002-09-24,1.886271767383478,34.54330693974665,-6.6449145870510264,-15.213738811598251
2002-09-25,2.9184384404811228,33.722114167520076,-5.736130352472307,-14.91971126031068
2002-09-26,2.608268140109477,33.47308684630478,-5.111580637462243,-15.969799563712865
